{
  "apple": [
    0.331931875,
    160
  ],
  "DropBox": [
    0.3818,
    1
  ],
  "Gitlab": [
    0,
    0
  ],
  "Logitech": [
    0.2777,
    3
  ],
  "microsoft": [
    0.3804070312500001,
    128
  ],
  "Nikon": [
    0.41982500000000006,
    4
  ],
  "Snowflake": [
    0.17471428571428577,
    14
  ],
  "Trivago": [
    0,
    0
  ],
  "Zscaler": [
    -0.3612,
    1
  ]
}